id,image,item_id
1,media/images/S_GR0001.jpg,S_GR0001
2,media/images/S_GR0002.jpg,S_GR0002
3,media/images/S_GR0003.jpg,S-GR0003
4,media/images/S_GR0004.jpg,S_GR0004
5,media/images/S_GR0005.jpg,S_GR0005
6,media/images/S_GR0006.jpg,S_GR0006
7,media/images/S_GR0007.jpg,S_GR0007
8,media/images/S_GR0008.jpg,S_GR0008
9,media/images/S_GR0009.jpg,S_GR0009
10,media/images/S_GR0010.jpg,S_GR0010
11,media/images/S_GR0011.jpg,S_GR0011
12,media/images/S_GR0012.jpg,S_GR0012
13,media/images/S_GR0013.jpg,S_GR0013
14,media/images/S_GR0014.jpg,S_GR0014
15,media/images/S_GR0015.jpg,S_GR0015
16,media/images/S_GR0016.jpg,S_GR0016
17,media/images/S_GR0017.jpg,S_GR0017
18,media/images/S_GR0018.jpg,S_GR0018
19,media/images/S_GR0019.jpg,S_GR0019
20,media/images/S_GR0020.jpg,S_GR0020
22,media/images/S_SF003.jpg,S_SF003
23,media/images/S_SF004.jpg,S_SF004
25,media/images/S_SF006.jpg,S_SF006
26,media/images/S_SF007.jpg,S_SF007
27,media/images/S_SF008.jpg,S_SF008
28,media/images/S_SF009.jpg,S_SF009
29,media/images/S_SF010.jpg,S_SF010
30,media/images/S_SF011.jpg,S_SF011
31,media/images/S_SF012.jpg,S_SF012
32,media/images/S_SF013.jpg,S_SF013
33,media/images/S_SF013_2.jpg,S_SF013
34,media/images/S_SF014.jpg,S_SF014
35,media/images/S_SF014_2.jpg,S_SF014
36,media/images/S_SF001.jpg,S_SF001
37,media/images/S_SF015.jpg,S_SF015
38,media/images/S_SF015_2.jpg,S_SF015
39,media/images/S_SF016.jpg,S_SF016
40,media/images/S_SF016_2.jpg,S_SF016
41,media/images/S_SF017.jpg,S_SF017
42,media/images/S_SF017_1.jpg,S_SF017
43,media/images/S_SF018.jpg,S_SF018
44,media/images/S_SF018_3.jpg,S_SF018
45,media/images/S_SF018_4.jpg,S_SF018
46,media/images/S_SF019_1.jpg,S_SF019
47,media/images/S_SF019_2.jpg,S_SF019
48,media/images/S_SF019_3.jpg,S_SF019
49,media/images/S_SF020.jpg,S_SF020
50,media/images/S_SF021.jpg,S_SF021
51,media/images/S_SF023.jpg,S_SF023
52,media/images/S_SF024.jpg,S_SF024
53,media/images/S_SF025.jpg,S_SF025
54,media/images/S_SF022.jpg,S_SF022
55,media/images/S_GR0021.jpg,S_GR0021
56,media/images/S_GR0022.jpg,S_GR0022
57,media/images/S_GR0023.jpg,S_GR0023
58,media/images/S_GR0024.jpg,S_GR0024
59,media/images/S_GR0025.jpg,S_GR0025
60,media/images/S_GR0026.jpg,S_GR0026
61,media/images/S_GR0027.jpg,S_GR0027
62,media/images/S_GR0028.jpg,S_GR0028
63,media/images/S_GR0029.jpg,S_GR0029
64,media/images/S_GR0030.jpg,S_GR0030
65,media/images/S_GR0031.jpg,S_GR0031
66,media/images/S_GR0032.jpg,S_GR0032
67,media/images/S_GR0033.jpg,S_GR0033
68,media/images/S_GR0034.jpg,S_GR0034
69,media/images/S_GR0035.jpg,S_GR0035
70,media/images/S_GR0036.jpg,S_GR0036
71,media/images/S_GR0037.jpg,S_GR0037
72,media/images/S_GR0038.jpg,S_GR0038
73,media/images/S_GR0039.jpg,S_GR0039
74,media/images/S_GR0040.jpg,S_GR0040
75,media/images/S_GR0041.jpg,S_GR0041
76,media/images/S_GR0042.jpg,S_GR0042
77,media/images/S_GR0043.jpg,S_GR0043
78,media/images/S_GR0044.jpg,S_GR0044
79,media/images/S_GR0045.jpg,S_GR0045
80,media/images/S_GR0046.jpg,S_GR0046
81,media/images/S_GR0047.jpg,S_GR0047
82,media/images/S_GR0048.jpg,S_GR0048
83,media/images/S_GR0049.jpg,S_GR0049
160,media/images/S_GR0003.jpg,S_GR0003
161,media/images/S_BC0058.jpg,S_BC0058
162,media/images/S_BC0059.jpg,S_BC0059
163,media/images/S_BC0060.jpg,S_BC0060
164,media/images/S_BC0061.jpg,S_BC0061
165,media/images/S_BC0062.jpeg,S_BC0062
166,media/images/S_BC0063.jpg,S_BC0063
167,media/images/S_BC0064.jpg,S_BC0064
168,media/images/S_BC0065.jpg,S_BC0065
169,media/images/S_BC0066.jpg,S_BC0066
170,media/images/S_BC0067.jpg,S_BC0067
171,media/images/S_BC0068.jpg,S_BC0068
172,media/images/S_BC0069.jpg,S_BC0069
173,media/images/S_BC0070.jpg,S_BC0070
174,media/images/S_BC0071.jpg,S_BC0071
175,media/images/S_BC0072.jpeg,S_BC0072
176,media/images/S_BC0073.jpeg,S_BC0073
177,media/images/S_BC0074.jpeg,S_BC0074
178,media/images/S_BC0075.jpeg,S_BC0075
179,media/images/S_BC0076.jpg,S_BC0076
180,media/images/S_BC0077.jpeg,S_BC0077
181,media/images/S_BC0078.jpg,S_BC0078
182,media/images/S_HC0018.jpg,S_HC0018
183,media/images/S_HC0019.jpeg,S_HC0019
184,media/images/S_HC0020.jpg,S_HC0020
185,media/images/S_HC0021.jpeg,S_HC0021
186,media/images/S_HC0022.jpg,S_HC0022
187,media/images/S_HC0023.jpeg,S_HC0023
188,media/images/S_HC0024.jpeg,S_HC0024
189,media/images/S_HC0025.jpg,S_HC0025
190,media/images/S_HC0026.jpg,S_HC0026
191,media/images/S_HC0027.jpg,S_HC0027
192,media/images/S_HC0028.jpg,S_HC0028
193,media/images/S_HC0029.jpg,S_HC0029
194,media/images/S_HC0030.jpg,S_HC0030
195,media/images/S_HC0031.jpg,S_HC0031
196,media/images/S_HC0032.jpg,S_HC0032
197,media/images/S_HC0033.jpeg,S_HC0033
198,media/images/S_HC0034.jpg,S_HC0034
199,media/images/S_HC0035.png,S_HC0035
200,media/images/S_HC0036.jpg,S_HC0036
201,media/images/S_HC0037.png,S_HC0037
202,media/images/S_HC0038.png,S_HC0038
204,media/images/0036.jpeg,S_PA0036
205,media/images/0035.jpeg,S_PA0035
206,media/images/0033.jpeg,S_PA0033
207,media/images/0032.jpeg,S_PA0032
208,media/images/0030.jpeg,S_PA0030
209,media/images/0027.jpeg,S_PA0027
210,media/images/0026.jpeg,S_PA0026
211,media/images/0023.jpeg,S_PA0023
212,media/images/0022.jpeg,S_PA0022
213,media/images/0020.jpeg,S_PA0020
214,media/images/227.png,S_FA227
215,media/images/226.jpg,S_FA226
216,media/images/220_h9VVDnD.png,S_FA220
221,media/images/171.jpg,S_FA171
228,media/images/160.png,S_FA160
230,media/images/157.png,S_FA157
233,media/images/154.jpg,S_FA154
235,media/images/150.jpg,S_FA150
236,media/images/149.jpg,S_FA149
243,media/images/137.jpg,S_FA137
244,media/images/136.jpg,S_FA136
245,media/images/135.jpg,S_FA135
246,media/images/134.jpg,S_FA134
247,media/images/128.png,S_FA128
248,media/images/126.png,S_FA126
249,media/images/124.jpg,S_FA124
250,media/images/123.png,S_FA123
251,media/images/122.png,S_FA122
252,media/images/121.jpg,S_FA121
253,media/images/119.png,S_FA119
254,media/images/118.png,S_FA118
255,media/images/117.png,S_FA117
256,media/images/116_bvQukjJ.png,S_FA116
257,media/images/115.png,S_FA115
258,media/images/113.png,S_FA113
259,media/images/112.jpg,S_FA112
261,media/images/107.png,S_FA107
266,media/images/035.png,S_FA035
267,media/images/026.jpg,S_FA026
268,media/images/011.jpg,S_FA011
269,media/images/010.jpg,S_FA010
270,media/images/009.jpg,S_FA009
271,media/images/005.png,S_FA005
272,media/images/004.jpg,S_FA004
273,media/images/003.png,S_FA003
274,media/images/002.jpg,S_FA002
275,media/images/surgical-box.jpg,S_SF026
276,media/images/ae235.jpg,S_SF027
277,media/images/DSC_0531.jpg,S_SF027
278,media/images/disposable_latex_gloves_small_medium_large_1.jpg,S_SF028
279,media/images/110142975_642256779711068_3710187390476312523_n.jpg,S_SF028
280,media/images/disposable_latex_gloves_small_medium_large_1_lMZYRdb.jpg,S_SF029
281,media/images/110142975_642256779711068_3710187390476312523_n_GnWufBH.jpg,S_SF029
282,media/images/S_GR0053.jpg,S_GR0053
283,media/images/S_GR0054.png,S_GR0054
284,media/images/S_GR0053_CqfhSGR.jpg,S_GR0108
285,media/images/S_GR0055.jpg,S_GR0055
286,media/images/S_GR0056.jpg,S_GR0056
287,media/images/0752cdf3e2a3-90821663_241773530337045_7664096795835760640_n.png,S_GR0062
288,media/images/S_GR0057.jpg,S_GR0057
289,media/images/download_1.jpg,S_GR0095
290,media/images/download_1_c0oc5JW.jpg,S_GR0066
291,media/images/radhuni-coriander-powder-jar-200-gm.jpg,S_GR0076
292,media/images/download_1_1JqIjXT.jpg,S_GR0112
293,media/images/S_GR0058.jpg,S_GR0096
294,media/images/S_GR0058_2TzBLPw.jpg,S_GR0058
295,media/images/S_GR0059.jpg,S_GR0059
296,media/images/S_GR0060.jpeg,S_GR0060
297,media/images/S_GR0061.jpg,S_GR0061
298,media/images/S_GR0063.jpg,S_GR0063
299,media/images/S_GR0064.jpg,S_GR0064
300,media/images/S_GR0065.jpg,S_GR0065
301,media/images/S_GR0066.jpeg,S_GR0068
303,media/images/S_GR0074.jpg,S_GR0070
304,media/images/S_GR0073.jpg,S_GR0073
305,media/images/S_GR0078.jpg,S_GR0078
306,media/images/S_GR0080.jpg,S_GR0080
307,media/images/S_GR0084.jpg,S_GR0084
308,media/images/S_GR0085.jpg,S_GR0085
309,media/images/S_GR0088.jpg,S_GR0088
310,media/images/S_GR0089.jpg,S_GR0089
311,media/images/S_GR0090.jpg,S_GR0090
312,media/images/S_GR0069.jpg,S_GR0069
313,media/images/S_GR0091.jpg,S_GR0091
314,media/images/S_GR0092.jpg,S_GR0092
315,media/images/S_GR0094.png,S_GR0094
316,media/images/S_GR0097.jpg,S_GR0097
317,media/images/S_GR0103.jpg,S_GR0103
318,media/images/S_GR0106.jpg,S_GR0106
319,media/images/S_GR0107.jpg,S_GR0107
320,media/images/S_BS0028.jpg,S_BS0028
321,media/images/S_BS0030.jpg,S_BS0030
322,media/images/S_BS0031.jpg,S_BS0031
323,media/images/S_BS0061.jpg,S_BS0061
324,media/images/S_BS0077.png,S_BS0077
325,media/images/S_BS0081.jpg,S_BS0081
326,media/images/S_BS0085.jpg,S_BS0085
327,media/images/S_GR0111.jpg,S_GR0111
328,media/images/S_GR0114.jpg,S_GR0114
329,media/images/S_GR0115.jpg,S_GR0115
330,media/images/S_GR0119.jpeg,S_GR0119
331,media/images/S_GR0122.jpg,S_GR0122
332,media/images/S_GR0123.jpeg,S_GR0123
333,media/images/sepnil-HW-pack-marigold-new-pack.png,S_BC0024
334,media/images/sepnil-HW-pack-tea-tree-new-pack.png,S_BC0026
335,media/images/S_BC0028.png,S_BC0028
336,media/images/S_BC0029.png,S_BC0029
337,media/images/S_BC0031.jpeg,S_BC0031
338,media/images/S_BC0032.jpeg,S_BC0032
339,media/images/S_BC0033.jpg,S_BC0033
340,media/images/S_BC0034.jpeg,S_SF002
341,media/images/0201.png,S_K0201
342,media/images/0202.png,S_K0202
346,media/images/0301.png,S_K0301
347,media/images/0403.png,S_K0403
348,media/images/0501.png,S_K0501
349,media/images/0601.png,S_K0601
350,media/images/0602.png,S_K0602
351,media/images/0603.png,S_K0603
352,media/images/0604.png,S_K0604
353,media/images/0701.png,S_K0701
354,media/images/0801.png,S_K0801
355,media/images/0901.png,S_K0901
356,media/images/0902.png,S_K0902
357,media/images/0903.png,S_K0903
358,media/images/1203.png,S_K1203
359,media/images/1304.png,S_K1304
361,media/images/1405.png,S_K1405
362,media/images/1501.png,S_K1501
363,media/images/1502.png,S_K1502
364,media/images/1601.png,S_K1601
365,media/images/1602.png,S_K1602
366,media/images/1701.png,S_K1701
367,media/images/1702.png,S_K1702
368,media/images/1801.png,S_K1801
369,media/images/Ghee.jpg,S_HB05
370,media/images/Ghee_I96EnJ4.jpg,S_HB04
371,media/images/honey.jpg,S_HB03
372,media/images/honey_xuviaiZ.jpg,S_HB02
373,media/images/honey_smQ8b2n.jpg,S_HB01
